firstName,lastName,schoolId,schoolName,sport,imageUrl,hasImage
Brock,Montgomery,6494c90ce689be73b73cc1f9,,,,NOT FOUND
Nino,Betances,6494c95de689be73b73cc4df,Villanova University,Football,https://d3r15i91mdrm4u.cloudfront.net/images/2025/7/23/Betances__Nino_pIm4q.jpg?width=300,YES
Gabriel,Souza,6494c964e689be73b73cc51a,Western Connecticut State University,Men's Soccer,https://westconnathletics.com/images/2025/8/29/Gabriel_Souza.jpg?width=300,YES
Kylee,Payne,6494c93ee689be73b73cc3c7,College of Saint Rose,Women's Lacrosse,https://gogoldenknights.com/images/2024/2/6/Payne_Kylee.png?width=146,YES
Anton Gabriel,Alarcon,6494c8c4e689be73b73cbf66,,,,NOT FOUND
Micah,Blair,6494c945e689be73b73cc402,,,,NOT FOUND
Tyler,Slone,6494c92de689be73b73cc32c,Slippery Rock University of Pennsylvania,Baseball,,NO
Jalen,Mccray,6494c8c1e689be73b73cbf4c,,,,NOT FOUND
Dylan,White,6494c954e689be73b73cc488,University of Puget Sound,Football,https://loggerathletics.com/images/2025/9/10/202508253877_ATH_FB_Dylan_White__28_by_Alex_Crook-1.jpg?width=300,YES
Majesty,Lewis,6494c8c9e689be73b73cbf96,Concordia University Chicago,Women’s Acrobatics and Tumbling,,NO
Daniel,Atsou,6494c8fbe689be73b73cc164,Lycoming College,Football,https://lycomingathletics.com/images/2025/9/2/2025_fb_headshots_edited_atsou_200_9682.jpg?width=300,YES
Ariel,Guzman,6657990d775768c79728cd9e,,,,NOT FOUND
Ernesto,Garza,6494c8c5e689be73b73cbf6a,Cleary University,Men's Wrestling,https://clearycougars.com/sports/mwrest/2025-26/bios/IMG_2606_headshot.jpg?max_width=510&max_height=600,YES
Easton,Sheppeard,6494c8ade689be73b73cbe92,Arizona Western College,Men's Basketball,https://awcmatadors.com/sports/mbkb/2025-26/bios/072A9329_headshot.jpg?max_width=510&max_height=600,YES
Jada,Edwards,6494c8b1e689be73b73cbeb7,,,,NOT FOUND
Jonathan,Beard,6494c92ae689be73b73cc313,,,,NOT FOUND
Ava,Rajala,6494c8f8e689be73b73cc141,Liberty University,Women's Lacrosse,,NO
Ashanti,Harvey,6494c8aee689be73b73cbe9c,,,,NOT FOUND
Mason,Ellis,6494c928e689be73b73cc301,Salisbury University,Men's Golf,https://suseagulls.com/images/2025/8/29/MasonEllis_4895-S.jpg?width=300,YES
Taylor,Jenkins,6494c90ee689be73b73cc20d,Niagara University,Women's Volleyball,https://purpleeagles.com/images/2025/8/21/Headshot_Template_0010_JP200071_JPbsr.jpg?width=300,YES
Jordan,Booth,6494c927e689be73b73cc2f8,Saint Mary-of-the-Woods College,Men's Golf,https://smwcathletics.com/images/2025/8/21/Headshots_DSC00738_3fdou.jpg?width=300,YES
Kimberly,Navarrete,6494c969e689be73b73cc549,,,,NOT FOUND
Melina,Schrader,6494c949e689be73b73cc426,University of Dayton,Women's Volleyball,https://daytonflyers.com/images/2025/8/14/4_Melina_Schrader_qhTHA.JPG?width=300,YES
Ty,Beck,6494c93fe689be73b73cc3cc,The Master's University,Baseball,https://gomustangs.com/images/2025/1/29/Ty_Beck.jpg?width=300,YES
Roderick,Mccoy jr,6494c8bde689be73b73cbf25,,,,NOT FOUND
Fernando,Ferrer,6669dd52d3e0e3dd60aaf947,,,,NOT FOUND
Anthony,McClinton,65e77b6acd871b071dc024ca,,,,NOT FOUND
Clayton,Renfrew,6494c8ece689be73b73cc0d5,,,,NOT FOUND
Malachi,Grier,6494c8fae689be73b73cc155,,,,NOT FOUND
Isabel,Seifert,6494c954e689be73b73cc48b,University of Richmond,Women's Soccer,,NO
Andre,Gonzalez,6494c908e689be73b73cc1d7,Monroe College,Football,,NO
Isaiah,Johnson,6494c92ee689be73b73cc333,,,,NOT FOUND
Landon,Lowe,6494c8b7e689be73b73cbee8,,,,NOT FOUND
Spencer,Freer,6494c8d3e689be73b73cbff0,,,,NOT FOUND
Shadrach,Nvodjo,6494c969e689be73b73cc54c,Winthrop University,Men's Track and Field,https://winthropeagles.com/images/2025/12/30/25-26_T_F_headshots_12.jpg?width=300,YES
Isaiah,Harrison,6494c93ee689be73b73cc3c6,The College of New Jersey,Football,https://d2o5a1s25yqobm.cloudfront.net/images/2025/8/27/Harrison_0SnJs.jpg?width=300,YES
Grace,Lynch,6494c945e689be73b73cc406,,,,NOT FOUND
Mitchel,Szymczak,6494c945e689be73b73cc403,University of Akron,Baseball,,NO
Lylian,Iman,6494c94be689be73b73cc438,University of Indianapolis,Women's Lacrosse,https://athletics.uindy.edu/images/2025/11/7/Iman__Lylian.jpg?width=146,YES
Elle,Patterson,6494c8ebe689be73b73cc0d0,Indiana University-Purdue University Indianapolis,Women's Volleyball,https://iuindyjags.com/images/2025/7/24/Patterson__Elle.jpg?width=300,YES
Azel,Lunsford,6494c8bee689be73b73cbf28,Capital University,Football,https://athletics.capital.edu/images/2025/8/25/CroppedWeb_FB_2025_Lunsford_Azel_hs_2025.jpg?width=300,YES
Ty,Kauserud,6494c8dde689be73b73cc04a,Furman University,Football,https://furmanpaladins.com/images/2025/8/6/KauserudT2025.jpg?width=300,YES
Nathaniel,Thompson,64c28ca60295e99978333922,Reedley College,Football,https://rctigers.com/sports/fball/2025-26/photos/Thompson_Nate_web.jpg?max_width=600&max_height=800,YES
Shauna,Gamble,6494c923e689be73b73cc2d2,Robert Morris University,Women's Soccer,https://rmucolonials.com/images/2025/8/6/20Gamble.png?width=146,YES
Braxton,Nixon-snell,6494c8aee689be73b73cbe95,,,,NOT FOUND
Addison,Papagolos,6494c8c1e689be73b73cbf48,Central Connecticut State University,Women's Lacrosse,https://ccsubluedevils.com/sports/wlax/2024-25/photos/0001/Papagolos_Addison_DS9_7878_copy.jpg?max_width=510&max_height=600,YES
McKinnon,Howard,6494c942e689be73b73cc3ec,Troy University,Softball,,NO
Harold,Fernandez,6494c8d3e689be73b73cbff0,Eastern Connecticut State University,Baseball,https://gowarriorathletics.com/images/2025/12/11/fernandez-head26-300dpi_5790.jpg?width=146,YES
Will,Ostermeyer,6494c8afe689be73b73cbea5,,,,NOT FOUND
Alizee,Garcia Parsons,6494c94ae689be73b73cc431,,,,NOT FOUND
Thalia,Benoit,6494c945e689be73b73cc401,State University of New York at Albany,Women's Track and Field,https://ualbanysports.com/images/2025/9/24/Benoit_Thalia_25-26.JPG?width=300,YES
Gracie,Rellin,6494c8c0e689be73b73cbf40,Centenary College (Louisiana),Women's Soccer,https://www.gocentenary.com/sports/wsoc/2025-26/bios/2025_Gracie_Rellin_IMG_9393.jpg?max_width=510&max_height=600,YES
Jaiden,Block,6494c930e689be73b73cc346,Southern Illinois University at Carbondale,Men's Track and Field,,NO
Trey,Flood,6494c8abe689be73b73cbe7c,Alma College,Baseball,,NO
Deacon,Toliver,64ca91bd0295e9997833394e,,,,NOT FOUND
Kobe,Barker,6494c8c4e689be73b73cbf66,,,,NOT FOUND
Gustavo,Bravo,6494c8b9e689be73b73cbefc,Bryant University,Football,https://bryantbulldogs.com/images/2025/8/26/Bravo_8734_-_Cropped.png?width=300,YES
Jacob,McGhee,6494c8f8e689be73b73cc148,Lincoln University (Missouri),Football,https://d2ql8rvuol0tgx.cloudfront.net/images/2025/9/11/McGhee__Jacob.jpg?width=300,YES
Josiah,Morris,64dbac034c76cde499ceff93,,,,NOT FOUND
Dontarris,Wesby,6494c8c5e689be73b73cbf6a,Cleary University,Men's Wrestling,https://clearycougars.com/sports/mwrest/2025-26/bios/IMG_2593_headshot.jpg?max_width=510&max_height=600,YES
Jared,Moore,6494c8aee689be73b73cbe95,Arkansas State University,Men's Track and Field,https://astateredwolves.com/images/2025/9/30/Jared_Moore_JZHfe.jpg?width=300,YES
Jared,Hodgson,6494c90ce689be73b73cc200,Nebraska Wesleyan University,Football,,NO
Anthony,Guglielmo,6494c8dae689be73b73cc032,Florida Southern College,Men's Lacrosse,https://fscmocs.com/images/2025/1/22/Guglielmo_Anthony_XuoQR.png?width=300,YES
Olivia,Reeves,6494c92fe689be73b73cc33e,,,,NOT FOUND
Emily,Jones,6494c95ae689be73b73cc4c2,University of Wisconsin-Green Bay,Softball,https://greenbayphoenix.com/images/2025/9/5/Emily_Jones.JPG?width=100,YES
Julian,Stevens,6494c94ee689be73b73cc459,,,,NOT FOUND
Benjamin,Molnau,6494c8b4e689be73b73cbecd,,,,NOT FOUND
Nevaeh,Campbell,6494c92ee689be73b73cc333,,,,NOT FOUND
Kantrel,Smith,6494c958e689be73b73cc4af,University of the Cumberlands,Football,https://cumberlandspatriots.com/images/2025/8/28/Smith__Kantrel.jpg?width=146,YES
Evan,Atkin,6494c948e689be73b73cc423,"University of Colorado, Colorado Springs",Men's Track and Field,https://gomountainlions.com/images/2025/11/3/Evan_Atkin.jpg?width=300,YES
Jason,Barket,6494c909e689be73b73cc1e3,Morehead State University,Football,https://msueagles.com/images/2025/8/5/Barket_Jason.jpg?width=300,YES
Jeremy,Giesegh,6494c8bce689be73b73cbf1b,"California State University, San Bernardino",Baseball,https://csusbathletics.com/images/2024/1/2/Coyote.jpg?width=300,YES
Finn,Rodgers,6494c949e689be73b73cc427,,,,NOT FOUND
Ronaldo,Barnett,6494c903e689be73b73cc1a7,Middle Georgia State University,Men's Soccer,https://mgaknights.com/images/2025/8/11/_7_Ronaldo_Barnett.JPG?width=300,YES
Peyton,Greenwood,6494c8e1e689be73b73cc06d,Governors State University,Women's Basketball,https://governorssu.prestosports.com/sports/wbkb/2025-26/bios/202526JVNo0WBB.jpg?max_width=510&max_height=600,YES
Arthur,Chavez,6494c8bce689be73b73cbf1b,"California State University, San Bernardino",Baseball,https://csusbathletics.com/images/2024/1/2/Coyote.jpg?width=300,YES
Kate,Hawley,6494c94de689be73b73cc44b,,,,NOT FOUND
Braylon,Hilliard,6494c8e0e689be73b73cc065,,,,NOT FOUND
Dozie,Ononye,6494c8dbe689be73b73cc03c,,,,NOT FOUND
Matty,Ryan,6494c969e689be73b73cc548,,,,NOT FOUND
Maddie,Simmerman,6494c94ce689be73b73cc442,,,,NOT FOUND
Tanner,Sheffert,6494c8bbe689be73b73cbf11,,,,NOT FOUND
Javion,Lane,6494c8c4e689be73b73cbf63,Clark Atlanta University,Men's Cross Country,https://clarkatlantasports.com/images/2025/9/16/Javion_Lane.jpg?width=300,YES
Autumn,Perry,6494c90ee689be73b73cc20e,,,,NOT FOUND
Lawrence,Nalls III,6494c909e689be73b73cc1e4,,,,NOT FOUND
Andie,Psilopoulos,6494c8d2e689be73b73cbfe3,,,,NOT FOUND
Sania,Dearing,6494c916e689be73b73cc256,Ohio University,Women's Soccer,https://ohiobobcats.com/images/2025/8/4/Dearing_Sania.jpg?width=300,YES
Julian,Bush,6494c955e689be73b73cc491,University of Saint Mary,Football,https://gospires.com/images/2025/8/21/Julian_Bush.JPG?width=300,YES
Imran,Okedeyi,6494c8fbe689be73b73cc164,Lycoming College,Football,https://lycomingathletics.com/images/2025/9/2/2025_fb_headshots_edited_okedeyi_200_9434-Edit.jpg?width=300,YES
Austin,P,6494c94ee689be73b73cc459,,,,NOT FOUND
Jacob,English,6494c951e689be73b73cc46e,,,,NOT FOUND
Aaron,Staats,6494c969e689be73b73cc549,,,,NOT FOUND
Dequan,Thompson,6494c969e689be73b73cc549,,,,NOT FOUND
Elo,Okpah,6494c950e689be73b73cc464,,,,NOT FOUND
Maia,Soulis,6494c916e689be73b73cc256,Ohio University,Women's Soccer,https://ohiobobcats.com/images/2025/8/5/Soulis_Maia.jpg?width=300,YES
Michael,Fayiah,6494c8c9e689be73b73cbf94,Concord University,Men's Soccer,https://cumountainlions.com/images/2025/8/18/1U2A2129.jpg?width=300,YES
Audrey,Abel,6494c8e1e689be73b73cc06e,Grace College,Women's Soccer,https://gclancers.com/images/2025/8/11/Audrey_Abel.JPG?width=146,YES
Spencer,Cox,6494c90ce689be73b73cc1fe,Navarro College,Baseball,https://navarrobulldogs.com/images/2025/9/4/Spencer_Cox.jpg?width=300,YES
Michael,Barretto,6494c90ce689be73b73cc200,Nebraska Wesleyan University,Men's Wrestling,https://nwusports.com/images/2025/11/3/8B6A9627.jpg?width=300,YES
Nolan,Litkowiec,6494c904e689be73b73cc1b5,,,,NOT FOUND
Ella,Whitaker,6494c913e689be73b73cc23f,Northwest University,Women's Basketball,https://nueagles.com/images/2025/11/4/251027WomensBasketballMediaDay-6350_5FiwY.jpg?width=300,YES
Justin,Gutierrez,6494c920e689be73b73cc2b5,,,,NOT FOUND
Adel,Hoglund,6494c92de689be73b73cc326,Siena Heights University,Flag Football,https://shusaints.com/sports/flagfball/2025-26/photos/headshots/Hoglund-Adel.jpg?max_width=600&max_height=800,YES
Jayden,Anderson,6494c8cae689be73b73cbf99,Concordia University Wisconsin,Men's Wrestling,,NO
Octavio,Singh,6494c8cae689be73b73cbf99,Concordia University Wisconsin,Men's Wrestling,https://cuwfalcons.com/images/2025/12/1/Singh__Octavio.JPG?width=300,YES
Malorie,Byrne,6494c8c2e689be73b73cbf51,,,,NOT FOUND
Landon,Jenkins,6494c8f7e689be73b73cc13a,Lenoir-Rhyne University,Baseball,,NO
Zion,Howell,6494c96ae689be73b73cc54f,Wofford College,Men's Track and Field,https://woffordterriers.com/images/2025/11/11/2025_MTrack_HS_WEB_Howell_Zion_2025.jpg?width=300,YES
Alivia,Lilly,6494c8fde689be73b73cc173,Marian University,Women's Track and Field,https://muknights.com/images/2025/12/2/Alivia_Lilly_TF25_Ih2xN.JPG?width=300,YES
Beau,Leisure,6494c8a9e689be73b73cbe68,,,,NOT FOUND
Max,Penrod,6494c8e7e689be73b73cc0a4,,,,NOT FOUND
Deuce,Roberson,6494c911e689be73b73cc229,Northeastern State University,Football,https://goriverhawksgo.com/images/2025/8/12/Headshot_Crops_100-Deuce_Roberson.jpg?width=146,YES
Andre,Bigham,6494c95ee689be73b73cc4e4,Virginia State University,Men's Lacrosse,https://govsutrojans.com/images/2025/1/21/LAX-10.jpg?width=300,YES
Alexander,Luszcz,6494c907e689be73b73cc1d0,,,,NOT FOUND
Skye,Gaudio,6494c908e689be73b73cc1d6,,,,NOT FOUND
Anthony,Long,6494c901e689be73b73cc197,,,,NOT FOUND
Evan,Fisher,6494c933e689be73b73cc363,Spalding University,Baseball,,NO
Trevor,Allen jr,6494c914e689be73b73cc242,,,,NOT FOUND
Cj,Gaffney,6494c8a9e689be73b73cbe6c,,,,NOT FOUND
Jason,Louiso,6494c969e689be73b73cc546,Wilmington College (Ohio),Men's Wrestling,https://wilmingtonquakers.com/images/2025/10/23/Edited_Head_Shots_Louiso_Jason.png?width=300,YES
Jozef,Palushaj,6494c8f9e689be73b73cc14a,Lindenwood University,Men's Soccer,https://lindenwoodlions.com/images/2025/8/7/Jozef_Palushj.jpg?width=300,YES
Tigran,Ceesay,6494c8afe689be73b73cbea6,,,,NOT FOUND
Marquis,Bates,6494c8ece689be73b73cc0d6,Iowa Lakes Community College,Men's Wrestling,https://iowalakesathletics.com/images/setup/headshot_default.jpg?max_width=600&max_height=800,YES
Izzy,Wilson,6494c94ae689be73b73cc432,,,,NOT FOUND
Ashlyn,Kahre,6494c8e2e689be73b73cc07a,Guilford College,Women's Soccer,https://guilfordquakers.com/images/2025/8/18/WSOC25_KAHRE_ASHLYN.jpg?width=300,YES
Michael,Boucher,6494c969e689be73b73cc54c,Winthrop University,Men's Track and Field,,NO
Allie,Mouch,6494c916e689be73b73cc256,Ohio University,Women's Soccer,https://ohiobobcats.com/images/2025/8/5/Mouch_Allie.jpg?width=300,YES
Jazmine,Gaston,6494c94be689be73b73cc43e,,,,NOT FOUND
Cody,Templeton,6494c939e689be73b73cc393,Stephen F. Austin State University,Baseball,,NO
Amoryan,Ferguson,6494c8c9e689be73b73cbf94,Concord University,Football,https://cumountainlions.com/images/2025/8/29/White___Resized_Amoryan_Ferguson.jpg?width=300,YES
Deverious,Abercrombie,6494c91ee689be73b73cc2a5,Presbyterian College,Football,https://gobluehose.com/images/2025/8/20/Abercrombie_XnATp.png?width=146,YES
Alionna,Chappell,6494c8b0e689be73b73cbeb0,Barry University,Flag Football,,NO
Damiyah,Smith,6494c916e689be73b73cc25c,,,,NOT FOUND
John,Williams III,6494c958e689be73b73cc4ad,,,,NOT FOUND
Travion,Woods,6494c923e689be73b73cc2d2,,,,NOT FOUND
Joseph,Hasan,6494c8a9e689be73b73cbe6d,Albany State University (Georgia),Football,https://asugoldenrams.com/images/2025/8/27/Joseph_Hasan.JPG?width=146,YES
Ty,Long,6494c925e689be73b73cc2e0,Rose-Hulman Institute of Technology,Men's Soccer,https://athletics.rose-hulman.edu/images/2025/8/18/MSoc_Ty_Long_2025_621kv.jpg?width=300,YES
Addison,Laughlin,6494c8c6e689be73b73cbf74,Coastal Carolina University,Men's Track and Field,https://goccusports.com/images/2025/8/19/LAUGHLIN_ADDY.jpg?width=300,YES
Brady,Beko,67b4dd457c9a8b79f3d74e86,Southern Alberta Institute of Technology,Men's Volleyball,https://www.saittrojans.com/sports/mvball/54884591834_35266716e3_k.jpg?max_width=510&max_height=600,YES
Riley,Johnson,6494c947e689be73b73cc417,,,,NOT FOUND
Jamie,Kent,6494c958e689be73b73cc4b3,,,,NOT FOUND
Owen,Thomson,6494c915e689be73b73cc24b,Oakland University,Baseball,,NO
Kayden,Chick,6494c918e689be73b73cc26a,Ottawa University Arizona,Men's Track and Field,https://ouazspirit.com/images/2025/9/22/Chick_Kayden.png?width=146,YES
Olivia,Salmon,6494c93be689be73b73cc3ae,,,,NOT FOUND
Dylan,DePriest,6494c8f3e689be73b73cc118,LaGrange College,Men's Soccer,https://lagrangepanthers.com/images/2025/8/28/Boys_Soccer_Cropped-13.jpg?width=300,YES
Dalton,Hall,6494c963e689be73b73cc512,West Virginia State University,Football,https://wvsuyellowjackets.com/images/2025/9/3/FB25-65-Hall.jpg?width=300,YES
Nathan,DeLaughter,6494c900e689be73b73cc18c,,,,NOT FOUND
Tymir,Jones,6494c8c5e689be73b73cbf6d,,,,NOT FOUND
David,Loew,66303653b97930805557aeb8,,,,NOT FOUND
Jackson,Kamp,6494c8ace689be73b73cbe85,,,,NOT FOUND
Kiya,Dorroh,6494c957e689be73b73cc4a7,,,,NOT FOUND
Nicholas,Weatherford,6494c91ee689be73b73cc2a3,,,,NOT FOUND
Gehrig,Slunaker,6494c8dee689be73b73cc058,Georgetown College,Football,https://georgetowncollege.prestosports.com/sports/fball/2025-26/photos/0001/Slunaker-_Gehrig_2526_ad_hoc.jpg?max_width=510&max_height=600,YES
Jayden,Mieske,6494c8f5e689be73b73cc12a,,,,NOT FOUND
Hayden,Westman,66304c3cb97930805557c8d4,,,,NOT FOUND
Krista,Mazariegos,6494c8c1e689be73b73cbf48,Central Connecticut State University,Women's Lacrosse,https://ccsubluedevils.com/sports/wlax/2024-25/photos/0001/Mazariegos_Krista_DS9_7836_copy.jpg?max_width=510&max_height=600,YES
Cade,Ragonese,663040dab97930805557bbd8,,,,NOT FOUND
RJ,Edwards,6494c8e9e689be73b73cc0bb,,,,NOT FOUND
Helen,Randolph,6494c94ae689be73b73cc432,,,,NOT FOUND
Drew,Rankin,6494c961e689be73b73cc504,Wayne State University (Michigan),Football,https://wsuathletics.com/images/2025/6/26/Headshot_FB_Rankin_Drew_25-Cropped.jpg?width=146,YES
Hailey,Brown,64dbac034c76cde499cefe98,Big Bend Community College,Women's Wrestling,https://bbccvikings.com/sports/wwrest/2025-26/photos/0001/DSC02899-1-.jpg?max_width=510&max_height=600,YES
Aidan,Warnock,6494c95fe689be73b73cc4ee,,,,NOT FOUND
Hayley,Messer,6560c02ee511a89bf40b42b4,,,,NOT FOUND
Jordan,Williams,6494c8fbe689be73b73cc164,Lycoming College,Football,https://lycomingathletics.com/images/2025/9/2/2025_fb_headshots_edited_williams_200_9690.jpg?width=300,YES
Natalie,Ziebell,6494c8f4e689be73b73cc122,Lakeland University,Softball,https://lakelandmuskies.com/images/2024/10/17/Ziebell.jpg?width=300,YES
Brenden,Aenis,6494c8bde689be73b73cbf21,Calvin University,Football,https://calvinknights.com/images/2025/8/15/Aenis__Bendan.jpg?width=300,YES
Kayden,Banker,6494c8c1e689be73b73cbf48,,,,NOT FOUND
Cavon,Reid,6494c951e689be73b73cc46e,University of North Carolina at Pembroke,Football,https://uncpbraves.com/images/2025/8/12/Reid_Cavon.jpg?width=300,YES
Tyquan,Harney,6494c8d6e689be73b73cc008,Elon University,Football,https://elonphoenix.com/images/2024/8/24/84_TyQuan_Harney_WEB.jpg?width=146,YES
Thomas,Perez,64b6e587ad1341ed88507d8a,Temple College (TX),Baseball,https://tcleopards.com/sports/bsb/2024-25/bios/54286014173_65098dde13_o.jpg?max_width=600&max_height=800,YES
Cooper,Marx,66303ecfb97930805557b952,,,,NOT FOUND
Christion,Washington,6494c931e689be73b73cc350,"Southern University, Baton Rouge",Men's Track and Field,https://gojagsports.com/images/2025/12/14/Christon_Washington.jpg?width=146,YES
Juliana,Lupercio,6494c94fe689be73b73cc45a,University of Missouri-Kansas City,Men's Track and Field,,NO
Nizaiah,Carr,6494c8fde689be73b73cc173,Marian University,Men's Track and Field,https://muknights.com/images/2025/12/2/Nizaiah_Carr_TF25_3EaPn.JPG?width=300,YES
Peter,Detwiler,6494c8fee689be73b73cc179,,,,NOT FOUND
Sam,Arbaugh,6494c936e689be73b73cc378,St. Lawrence University,Football,https://saintsathletics.com/images/2025/8/27/68.jpg?width=300,YES
Sarah,Moite,6494c8bce689be73b73cbf1b,"California State University, San Bernardino",Softball,https://csusbathletics.com/images/2025/1/15/Moite_HS.jpg?width=300,YES
Christopher,Cecchini,64c139b30295e9997833390a,,,,NOT FOUND
Bailey,O’Sullivan,6494c8dfe689be73b73cc05d,,,,NOT FOUND
Dylan,Mayhew,6494c94be689be73b73cc438,University of Indianapolis,Men's Track and Field,https://athletics.uindy.edu/images/2025/2/6/Meyhew__Dylan.jpg?width=146,YES
CeeJai,Batten,6494c969e689be73b73cc549,,,,NOT FOUND
Gavin,McLean,64dbac034c76cde499cefecc,College of the Siskiyous,Men's Basketball,https://coseagles.com/sports/mbkb/2025-26/photos/0001/090A6308_-1-.jpg?max_width=510&max_height=600,YES
Ella,Luegge,6494c8c1e689be73b73cbf4c,Central Michigan University,Softball,,NO
Luke,Montanye,6494c8fee689be73b73cc179,,,,NOT FOUND
Justin,Jubert,6494c8a9e689be73b73cbe6f,,,,NOT FOUND
Courtney,Wiltz,6494c94be689be73b73cc43e,,,,NOT FOUND
Jy,Edwards,6494c92ee689be73b73cc333,,,,NOT FOUND
Aidan,Starling,6494c8e1e689be73b73cc070,Grambling State University,Men's Cross Country,,NO
Taylor,Jackson,6494c94ae689be73b73cc432,,,,NOT FOUND
Camden,Franjieh,6494c8bbe689be73b73cbf0d,California Lutheran University,Men's Volleyball,https://clusports.com/images/2025/10/15/franijeh_camden_25.JPG?width=300,YES
Zion,Lawson,6494c8dfe689be73b73cc060,Georgia State University,Football,https://d1qdi747ml35tg.cloudfront.net/images/2025/7/8/Lawson_Zion_cropped_2025_ol9IM.jpg?width=300,YES
Dantu,Gardner,6494c8b0e689be73b73cbead,,,,NOT FOUND
Donny,Birkett,6494c8b0e689be73b73cbeac,,,,NOT FOUND
Sean,Robertson,6494c901e689be73b73cc19a,Merrimack College,Football,https://merrimackathletics.com/images/2025/8/26/Robertston-.jpg?width=300,YES
Julian,Johnson,6494c92ee689be73b73cc333,,,,NOT FOUND
Benjamin,Solano,6494c8bce689be73b73cbf1b,,,,NOT FOUND
Braden,Benton,6494c914e689be73b73cc242,,,,NOT FOUND
Legend,Geeter,6494c8d4e689be73b73cbff5,,,,NOT FOUND
Charlotte,Waldemar,6494c8c4e689be73b73cbf5f,Christopher Newport University,Women's Track and Field,https://www.cnusports.com/images/2025/11/12/Charlotte-Waldemar.jpg?width=300,YES
Jaheim,Crayton,6494c8dde689be73b73cc04c,,,,NOT FOUND
Andy,Yang,6494c8bbe689be73b73cbf0b,California Baptist University,Men's Golf,,NO
Sowande,Mcwhite,6494c963e689be73b73cc512,West Virginia State University,Football,https://wvsuyellowjackets.com/images/2025/9/3/FB25-71-McWhite.jpg?width=300,YES
Jessica,Okorie,6494c917e689be73b73cc264,Oral Roberts University,Women's Track and Field,,NO
Raymond,Baka,6494c912e689be73b73cc234,,,,NOT FOUND
Kiael,Kelly,6494c8b0e689be73b73cbead,,,,NOT FOUND
Aaron,Meono,6494c945e689be73b73cc403,,,,NOT FOUND
Robbie,Fisher,6494c90ce689be73b73cc200,Nebraska Wesleyan University,Men's Wrestling,https://nwusports.com/images/2025/11/3/8B6A9612.jpg?width=300,YES
Lloyd,French,6494c8bce689be73b73cbf1d,"California State University, Stanislaus",Men's Basketball,https://warriorathletics.com/images/2025/10/11/french_t3yCs.png?width=300,YES
Jonah,Davis,6494c92ee689be73b73cc332,,,,NOT FOUND
Eldridge,Shelton Jr,6494c8a9e689be73b73cbe6c,,,,NOT FOUND
Camren,Tolbert,6494c8fbe689be73b73cc164,,,,NOT FOUND
Yasmine,Morgan,6494c8dce689be73b73cc040,Frank Phillips College,Softball,https://plainsmensports.com/images/morgan_new_pic_.jpg?max_width=510&max_height=600,YES
Ansley,Murphy,6494c8aee689be73b73cbe9c,,,,NOT FOUND
Kellan,Hudson,6494c969e689be73b73cc54c,Winthrop University,Women's Lacrosse,https://winthropeagles.com/images/2025/10/9/25-26_WLAX_Headshots_26.jpg?width=300,YES
Israel,Ford,66579beb775768c79728d0e9,,,,NOT FOUND
Will,Clemens,6494c903e689be73b73cc1ac,,,,NOT FOUND
Morgan,Williams,6494c960e689be73b73cc4f4,,,,NOT FOUND
Gisele,Tankersley,64dbac034c76cde499ceff49,,,,NOT FOUND
Markee,Moorer jr,64ca91bd0295e9997833394e,,,,NOT FOUND
Brayden,Torgrimson,6494c954e689be73b73cc48e,,,,NOT FOUND
Adrian,Wynn,6494c964e689be73b73cc51b,Western Illinois University,Football,https://goleathernecks.com/images/2024/8/8/Adrian_Wynn.jpg?width=300,YES
Molly,Cravens,6494c939e689be73b73cc393,Stephen F. Austin State University,Women's Volleyball,,NO
Sam,Kromberg,6494c902e689be73b73cc1a2,,,,NOT FOUND
Greyson,Ervin,6494c943e689be73b73cc3f1,Tusculum University,Men's Volleyball,https://www.tusculumpioneers.com/images/setup/headshot_default.jpg?max_width=600&max_height=800,YES
Nebi,Young,6494c8c8e689be73b73cbf8c,Columbia College (South Carolina),Men's Track and Field,https://www.gokoalas.com/sports/mtrack-out/2025-26/nebi_ad_hoc.jpg?max_width=510&max_height=600,YES
Caleb,Weiand,6494c902e689be73b73cc1a2,,,,NOT FOUND
Carson,Hein,6494c8e1e689be73b73cc073,Grand Valley State University,Football,https://gvsulakers.com/images/2025/8/4/Hein__Carson.jpg?width=146,YES
Jayden,Epperson,6494c8f9e689be73b73cc14e,,,,NOT FOUND
Cymia,Yourish,6494c8b1e689be73b73cbeb7,,,,NOT FOUND
Tyree,Fleming,6494c907e689be73b73cc1ce,,,,NOT FOUND
Jada,Covington,6494c8b7e689be73b73cbeea,Brenau University,Women's Track and Field,https://brenautigers.com/sports/wbkb/2025-26/bios/BU109905_081725_Athletics_Headshots_SC_036_ad_hoc.jpg?max_width=510&max_height=600,YES
Sydney,Vitangcol,6494c95ae689be73b73cc4c4,,,,NOT FOUND
Hailey,Holtz,6494c8ece689be73b73cc0d7,Iowa State University,Softball,,NO
Jaylen,Carter,64c929970295e99978333941,,,,NOT FOUND
CamRen,Brooks,6494c939e689be73b73cc393,,,,NOT FOUND
Josh,Davis,6494c8c6e689be73b73cbf77,,,,NOT FOUND
Larry,Norrington,6494c8ece689be73b73cc0d6,Iowa Lakes Community College,Men's Wrestling,https://iowalakesathletics.com/sports/wrest/2024-25/photos/2024-10-10_ILLC_Fall9146.jpg?max_width=600&max_height=800,YES
Cody,Birlson,66305951b97930805557da4c,,,,NOT FOUND
Johanna,Holston,6494c8d6e689be73b73cc010,,,,NOT FOUND
Jack,Veletanga,663032ceb97930805557a9e7,,,,NOT FOUND
Colson,Knott,6494c96ae689be73b73cc54f,Wofford College,Men's Track and Field,https://woffordterriers.com/images/2025/11/11/2025_MTrack_HS_WEB_Knott_Colson_2025.jpg?width=300,YES
Isabella,Minervini,6494c941e689be73b73cc3e0,Towson University,Women's Gymnastics,https://towsontigers.com/images/2025/9/26/Isabella_Minervini.jpg?width=300,YES
Patryck,Brooks,6494c8d2e689be73b73cbfe9,,,,NOT FOUND
Gabriel,Showalter,6494c90ee689be73b73cc20e,,,,NOT FOUND
Lucas,Shaver,6494c8f5e689be73b73cc127,Lander University,Men's Lacrosse,,NO
Casey,Spencer,6494c929e689be73b73cc309,,,,NOT FOUND
Arron,Finott,6494c8f1e689be73b73cc104,Kentucky State University,Football,https://ksuthorobreds.com/images/2025/8/12/2025_Headshots_Arron_Finott.jpg?width=146,YES
Diego,Alana,6494c8eae689be73b73cc0c7,,,,NOT FOUND
Rafael,Antonio Jr,6494c8a9e689be73b73cbe6f,,,,NOT FOUND
Shatarius,Williams,6494c8d2e689be73b73cbfe8,,,,NOT FOUND
Mateo,Rincon,6494c90ee689be73b73cc20f,,,,NOT FOUND
Nahshawn,Keith,6494c8c8e689be73b73cbf8b,,,,NOT FOUND
Adriana,Milanez,6494c913e689be73b73cc23f,Northwest University,Women's Basketball,https://nueagles.com/images/2025/11/4/251027WomensBasketballMediaDay-6354_VriDd.jpg?width=300,YES
Jessica,Deleon,6494c950e689be73b73cc46a,,,,NOT FOUND
Taliya,Spurlock,6494c8aae689be73b73cbe72,,,,NOT FOUND
LeShaun,Bennett II,6494c8fce689be73b73cc16a,Madonna University,Football,https://mucrusaders.com/images/2025/8/12/LBennett.png?width=300,YES
Jason,Campbell,6494c8e2e689be73b73cc07a,Guilford College,Men's Lacrosse,https://guilfordquakers.com/images/2025/1/24/MLAX25_Campbell_Jason.png?width=300,YES
Zack,Peters,6494c8c5e689be73b73cbf6a,Cleary University,Men's Wrestling,https://clearycougars.com/sports/mwrest/2025-26/bios/IMG_2582_headshot.jpg?max_width=510&max_height=600,YES
Victory,Godah,6494c94ee689be73b73cc457,,,,NOT FOUND
Brandon,Alston,6494c94de689be73b73cc449,University of Maryland Eastern Shore,Men's Track and Field,https://umeshawksports.com/images/2025/12/10/BrandonAlston_4304.jpg?width=300,YES
LJ,Rogers,6494c8c5e689be73b73cbf6a,,,,NOT FOUND
Brayden,Evans,6494c8f5e689be73b73cc125,Lamar University,Baseball,,NO
Brayden,Lane,6494c941e689be73b73cc3dd,Tiffin University,Football,https://gotiffindragons.com/images/2025/9/4/Brayden_Lane.JPG?width=300,YES
Christian,Washington,6494c92ee689be73b73cc333,,,,NOT FOUND
Keith,Frazier,6494c8bee689be73b73cbf28,Capital University,Football,https://athletics.capital.edu/images/2025/8/25/CroppedWeb_FB_2025_Frazier_Keith_hs_2025.jpg?width=300,YES
Dillon,Leacock,6494c94ae689be73b73cc432,,,,NOT FOUND
Daniel,Powell,6494c8f1e689be73b73cc101,Kennesaw State University,Baseball,https://ksuowls.com/images/2024/11/22/KSU_BASEBALL_HS-56.jpg?width=300,YES
Myles,Walden,6494c904e689be73b73cc1b4,,,,NOT FOUND
Jaylee,Ojo,6494c94be689be73b73cc439,,,,NOT FOUND
Jonah,Young,6494c8c8e689be73b73cbf8d,,,,NOT FOUND
Rajer,Gurode,6494c929e689be73b73cc304,,,,NOT FOUND
Reagan,Jones,6494c8d9e689be73b73cc026,Fisk University,Women's Volleyball,https://fiskathletics.com/general/2025-26/photos/Reagan_ad_hoc.jpg?max_width=510&max_height=600,YES
Jacob,Beck,6494c8a9e689be73b73cbe69,,,,NOT FOUND
Kainen,White,64b6e587ad1341ed88507d7d,,,,NOT FOUND
Beckham,Stirling,6494c90de689be73b73cc20a,,,,NOT FOUND
Michael,Brescia III,6494c90ee689be73b73cc20f,Nichols College,Football,https://nicholsathletics.com/images/2025/8/20/52_BresciaIII.png?width=300,YES
Seven,Warren,6494c90fe689be73b73cc214,,,,NOT FOUND
Brady,Benevides,6669dc20d3e0e3dd60aaf7fc,,,,NOT FOUND
Caedmon,Dickson,6494c8bce689be73b73cbf1d,,,,NOT FOUND
Jadon,Lewis,6494c8cae689be73b73cbf99,Concordia University Wisconsin,Football,https://cuwfalcons.com/images/2025/8/25/Lewis__Jadon.JPG?width=300,YES
Khanyla,Hooten,6494c942e689be73b73cc3e9,Trinity Valley Community College,Women's Basketball,https://tvccsports.com/sports/wbkb/2025-26/photos/30_Khanyla_Hooten.jpg?max_width=600&max_height=800,YES
Fiona,Kilian,6494c93be689be73b73cc3ae,,,,NOT FOUND
Alexis,Re,6494c963e689be73b73cc514,,,,NOT FOUND
Malachi,Butler,6494c911e689be73b73cc229,Northeastern State University,Football,https://goriverhawksgo.com/images/2025/8/12/Headshot_Crops_49-Malachi_Butler.jpg?width=146,YES
Evelyn,Miller,6494c8fbe689be73b73cc15e,Loyola University Chicago,Softball,https://d2h9rpscrkfck0.cloudfront.net/images/2025/12/17/Evelyn_Miller.jpg?width=300,YES
Sam,Bradbury,6494c8d3e689be73b73cbff2,,,,NOT FOUND
Logan,Hays,6494c8bbe689be73b73cbf0e,,,,NOT FOUND
Nathan,Natoli,6494c8b9e689be73b73cbeff,Bucknell University,Football,,NO
Godwin,Edeh,6494c8fbe689be73b73cc164,Lycoming College,Football,https://lycomingathletics.com/images/2025/9/2/2025_fb_headshots_edited_edeh_200_9571.jpg?width=300,YES
Jade,Reese,6494c969e689be73b73cc54c,Winthrop University,Women's Track and Field,,NO
Julie,Smith,6494c8ebe689be73b73cc0d0,Indiana University-Purdue University Indianapolis,Women's Cross Country,https://iuindyjags.com/images/2025/8/21/smith-julie-headshot-202526-1.jpg?width=300,YES
Demetri,Bose,6494c8bde689be73b73cbf25,Campbellsville University,Football,https://campbellsvilletigers.com/images/2025/8/19/Demetri_Bose.JPG?width=146,YES
Carmello,Bostwick,6494c944e689be73b73cc400,University of Health Sciences and Pharmacy in St. Louis,Men's Basketball,https://eutecticsports.com/sports/mbkb/2025-26/bios/Carmello_Bostwick.png?max_width=510&max_height=600,YES
Camarion,Ragland,6494c90ee689be73b73cc213,,,,NOT FOUND
TaylorLee,Goebel,6494c957e689be73b73cc4a4,University of St. Thomas (Texas),Men's Swimming & Diving,https://ustcelts.com/images/2025/9/20/DSC08437.JPG?width=300,YES
Abbey,Debevec,6494c8f1e689be73b73cc102,Kent State University,Women's Volleyball,,NO
Dawson,Debebe,6494c8fbe689be73b73cc164,Lycoming College,Football,https://lycomingathletics.com/images/2025/9/2/2025_fb_headshots_edited_debebe_dawson_200_9547.jpg?width=300,YES
Ryan,Reese,6494c8aee689be73b73cbe95,,,,NOT FOUND
TJ,Williams,6494c8d4e689be73b73cbff5,Eastern Michigan University,Baseball,,NO
Saul,Rios,6494c8b7e689be73b73cbee7,Bowling Green State University,Men's Soccer,,NO
Elijah,Kinsler,6494c963e689be73b73cc514,,,,NOT FOUND
Collin,Stockero,6494c917e689be73b73cc260,The University of Olivet,Football,https://olivetcomets.com/sports/fball/2025-26/photos/0001/hs_Collin_Stockero.jpg?max_width=510&max_height=600,YES
Emily,Havrylyshen,6494c93be689be73b73cc3ae,,,,NOT FOUND
Paeton,Kringel,6494c95ae689be73b73cc4c2,University of Wisconsin-Green Bay,Softball,https://greenbayphoenix.com/images/2025/9/5/Paeton_Kringel.JPG?width=100,YES
Jonni,Sanchez,6494c8f5e689be73b73cc128,,,,NOT FOUND
Yarnell,Smithjr,6671efc5c152bb3fef1095d7,,,,NOT FOUND
Braden,Mounyo,6494c8d4e689be73b73cbff7,,,,NOT FOUND
Collin,Roelofs,6494c8f5e689be73b73cc12a,,,,NOT FOUND
Isabella,Carlson,6560c02ee511a89bf40b42b4,Blue Mountain Christian University,Women's Basketball,https://bmcusports.com/images/2025/10/10/Isabella_Carlson_WBB_Headshot_2025.JPG?width=300,YES
Lukas,Donahue,6494c901e689be73b73cc19a,Merrimack College,Football,https://merrimackathletics.com/images/2024/8/16/Donahue.png?width=300,YES
Zachary,Knapp,6494c8a9e689be73b73cbe70,,,,NOT FOUND
Grace,Rowan,66304a50b97930805557c66e,,,,NOT FOUND
Trevquan,Gary,66579c3d775768c79728d145,,,,NOT FOUND
Shamus,Gallo,6494c936e689be73b73cc380,,,,NOT FOUND
Khalil,Johnson,6494c8fbe689be73b73cc164,Lycoming College,Football,https://lycomingathletics.com/images/2025/9/2/2025_fb_headshots_edited_johnson_200_9686.jpg?width=300,YES
Chris,Messina,6494c8d7e689be73b73cc01a,,,,NOT FOUND
Livi,Grecco,6494c91ce689be73b73cc28d,Pepperdine University,Men's Track and Field,https://daitadul56i2n.cloudfront.net/images/2025/10/17/grecco.png?width=300,YES
Emma,Overall,665797b4775768c79728cc29,,,,NOT FOUND
Julius,Hiley,6494c95be689be73b73cc4c6,University of Wisconsin-Oshkosh,Football,https://uwoshkoshtitans.com/images/2025/9/3/HileyJulius-2025.jpg?width=300,YES
Michael Anthony,Henderson,6494c958e689be73b73cc4ae,,,,NOT FOUND
Celia,Trotter,6494c941e689be73b73cc3e0,Towson University,Women's Gymnastics,https://towsontigers.com/images/2025/9/26/Celia_Trotter.jpg?width=300,YES
Izzy,Fay,6494c8bbe689be73b73cbf11,,,,NOT FOUND
Justin,Simpson,64adb8065917512852468184,,,,NOT FOUND
Fabian,Ramirez,6494c8f5e689be73b73cc125,Lamar University,Baseball,,NO
Matthew,Thissell,6494c8cee689be73b73cbfc0,Davidson College,Men's Soccer,,NO
Nyir,Jones,6494c936e689be73b73cc380,,,,NOT FOUND
Kyle,Lew,6494c946e689be73b73cc40b,,,,NOT FOUND
Tevin,Dietz,6494c95de689be73b73cc4d9,Valley City State University,Men's Basketball,https://vcsuvikings.com/images/2025/11/3/Tevin_Dietz.jpg?width=300,YES
Rylee,Simoneaux,6494c94ae689be73b73cc432,,,,NOT FOUND
Mariana,Valdez,6494c8dce689be73b73cc046,,,,NOT FOUND
Julianna,Becerra,6494c914e689be73b73cc248,Nova Southeastern University,Women's Rowing,https://nsusharks.com/images/2025/9/17/Julianna_Becerra_MFYlr.jpg?width=300,YES
Skylar,Strickland,6494c8bce689be73b73cbf1d,,,,NOT FOUND
Zachary,Mylenek,6494c91fe689be73b73cc2ad,,,,NOT FOUND
Ej,Hargrave,6494c910e689be73b73cc220,North Park University,Football,https://athletics.northpark.edu/images/2025/8/14/HEAD-109.jpg?width=300,YES
Chloe,Macias,6494c8ebe689be73b73cc0d0,Indiana University-Purdue University Indianapolis,Women's Volleyball,https://iuindyjags.com/images/2025/7/24/Macias__Chloe.jpg?width=300,YES
Jaeden,Warner,6494c8b6e689be73b73cbee6,Bowie State University,Men's Track and Field,https://bsubulldogs.com/images/2023/12/9/Jaeden_Warner.jpg?width=300,YES
Chase,Birdsall,64dbac034c76cde499ceffad,SUNY ESF,Men's Soccer,https://esfathletics.com/sports/msoc/2025-26/photos/0001/Chase_Birdsall.jpg?max_width=510&max_height=600,YES
Cameron,Rayborn,6494c933e689be73b73cc363,Spalding University,Baseball,,NO
Antoni,Siewruk,6494c950e689be73b73cc468,,,,NOT FOUND
Matthew,Scott,6494c8f5e689be73b73cc125,Lamar University,Baseball,,NO
Jordan,Smith,6494c8bce689be73b73cbf1d,"California State University, Stanislaus",Men's Basketball,https://warriorathletics.com/images/2025/10/11/smith_UM8zN.png?width=300,YES
Carson,Brundige,6494c963e689be73b73cc510,West Liberty University,Men's Track and Field,https://hilltoppersports.com/images/2022/7/26/Headshot_template.png?width=300,YES
Noah,Wilson,6494c8c6e689be73b73cbf77,,,,NOT FOUND
Camden,Hawkins,6494c93be689be73b73cc3ab,Tarleton State University,Men's Track and Field,https://tarletonsports.com/images/2025/11/20/Camden_Hawkins.png?width=300,YES
Matthew,Graham,6494c8c1e689be73b73cbf4b,,,,NOT FOUND
Bryan,Bedolla,6494c95be689be73b73cc4c6,University of Wisconsin-Oshkosh,Football,https://uwoshkoshtitans.com/images/2025/9/3/BedollaBryan2025_gUB8u.jpg?width=300,YES
Kyanna,Creecy,6494c939e689be73b73cc393,Stephen F. Austin State University,Women's Volleyball,,NO
Peyton,Stevenson,6494c922e689be73b73cc2c8,Rice University,Football,,NO
Denzel,Alexandre-louis,6494c92ce689be73b73cc324,Shorter University,Football,https://goshorterhawks.com/images/2025/8/11/Denzel_Alexandre.jpg?width=300,YES
William,Kemper,6494c94be689be73b73cc438,University of Indianapolis,Men's Track and Field,,NO
Chase,Schefke,6494c8e1e689be73b73cc073,Grand Valley State University,Football,https://gvsulakers.com/images/2025/8/4/Schefke__Chase.jpg?width=146,YES
Jermari,Seals,6494c939e689be73b73cc393,,,,NOT FOUND
Brady,Cronkhite,6494c8f0e689be73b73cc0fa,,,,NOT FOUND
Gage,Burdick,6494c8e9e689be73b73cc0be,,,,NOT FOUND
Clarens,Dollin,6494c95ae689be73b73cc4bd,University of Washington,Men's Soccer,,NO
Khyair,Goodwin,64c7d0da0295e99978333938,,,,NOT FOUND
Grace,Conlin,6494c8c1e689be73b73cbf48,Central Connecticut State University,Women's Lacrosse,https://ccsubluedevils.com/sports/wlax/2024-25/photos/0001/Conlin_Grace_DS9_7852_copy.jpg?max_width=510&max_height=600,YES
Guymike,Paraison,6494c907e689be73b73cc1d3,Molloy University,Men's Track and Field,https://molloylions.com/images/2025/10/2/Guymike_Paraison_PH70C.png?width=146,YES
Isam,Banajah,6494c8b6e689be73b73cbee6,Bowie State University,Men's Track and Field,https://bsubulldogs.com/images/2023/12/9/Isam_B.jpg?width=300,YES
Kevin,Marcus,6494c965e689be73b73cc529,Westminster College (Pennsylvania),Football,https://athletics.westminster.edu/images/2025/8/26/kevin-marcus-25-fb-hs.jpg?width=300,YES
Jonathan,Gonzalez,6494c94de689be73b73cc449,,,,NOT FOUND
Nathan,Patterson,6494c948e689be73b73cc41e,University of Central Oklahoma,Baseball,https://bronchosports.com/images/2025/11/21/PATTERSON_NATHAN.JPG?width=300,YES
Amon,Gill,6494c8f5e689be73b73cc129,Langston University,Football,,NO
Ceasar,Figueroa,6494c907e689be73b73cc1d0,,,,NOT FOUND
Taelen,Laird,6494c8d6e689be73b73cc010,Emporia State University,Football,https://esuhornets.com/images/2025/8/5/Laird__Taelen.JPG?width=300,YES
Andrew,Wright,6494c933e689be73b73cc35c,Southwestern Christian University,Men's Basketball,https://scueagles.com/images/2025/10/6/AndrewWright.jpg?width=146,YES
Aubrey,Eaton,6494c953e689be73b73cc483,University of Portland,Women's Track and Field,https://portlandpilots.com/images/2025/9/3/Eaton_Aubrey_25.png?width=300,YES
Matthews,Rocha,6494c964e689be73b73cc51a,Western Connecticut State University,Men's Soccer,https://westconnathletics.com/images/2025/8/29/Matthew_Rocha.jpg?width=300,YES
Juni,Rodriguez,64dbac034c76cde499cefee4,Mt. San Jacinto College,Baseball,https://msjcathletics.com/sports/bsb/2024-25/bios/MSJCHST-001400668.png?max_width=600&max_height=800,YES
Ainsley,Yates,6494c94ce689be73b73cc441,,,,NOT FOUND
Jason,Davis,6494c8cce689be73b73cbfab,Culver-Stockton College,Football,https://cscwildcats.com/sports/fball/2025-26/photos/0001/Jason_Davis.jpg?max_width=510&max_height=600,YES
Paul,Ramseur,6494c960e689be73b73cc4fc,,,,NOT FOUND
Avion,Phillips,6494c8b0e689be73b73cbeab,Baker University,Football,https://bakerwildcats.com/sports/fball/2025-26/bios/Avion_Phillips_-_Web.jpg?max_width=510&max_height=600,YES
Reginald,Alls,6494c967e689be73b73cc538,,,,NOT FOUND
Anthony,Toolson,64dbac034c76cde499ceff29,,,,NOT FOUND
Jeremiah,Johnson,6494c95de689be73b73cc4e1,Virginia Commonwealth University,Men's Track and Field,https://vcuathletics.com/images/2025/10/14/Johnson-Jeremiah.png?width=300,YES
Anthony,Feltrinelli,6494c95de689be73b73cc4da,Valparaiso University,Football,https://valpoathletics.com/images/2025/8/13/Anthony_Feltrinelli.jpg?width=300,YES
Jason,Harris,6494c8b0e689be73b73cbead,Ball State University,Men's Volleyball,,NO
Aaron,Young,6494c8afe689be73b73cbea4,Austin Peay State University,Football,https://letsgopeay.com/images/2025/7/31/Young_Aaron_APSU25.jpg?width=300,YES
Jeremi,Lara,6494c8b7e689be73b73cbeed,Brewton-Parker College,Baseball,https://bpcuathletics.com/images/2025/1/30/baseballlara.jpg?width=300,YES
Preston,Zumwalt,6494c959e689be73b73cc4b7,University of Toledo,Baseball,,NO
Eric,Rivera,64dbac034c76cde499ceff8b,Ventura College,Football,https://vcweplayhard.com/sports/fball/2025-26/bios/21-Eric-Rivera.JPG?max_width=510&max_height=600,YES
Pablo,Lesarri,6494c939e689be73b73cc393,Stephen F. Austin State University,Men's Cross Country,,NO
Kali,Austerman,6494c8a9e689be73b73cbe6b,,,,NOT FOUND
Caelyn,Gunn,6494c946e689be73b73cc40e,,,,NOT FOUND
Bodde,Simon,6494c916e689be73b73cc255,,,,NOT FOUND
Jaxson,Stiner,6494c951e689be73b73cc46f,,,,NOT FOUND
Denzel,Willingham,6494c909e689be73b73cc1e3,Morehead State University,Cheerleading,,NO
Riley,Cassiday,6494c915e689be73b73cc251,,,,NOT FOUND
Devin,Garcia,6494c8fbe689be73b73cc164,Lycoming College,Football,https://lycomingathletics.com/images/2025/9/2/2025_fb_headshots_edited_garcia_200_9610.jpg?width=300,YES
Jacob,Fluty,6494c8cfe689be73b73cbfcc,,,,NOT FOUND
Braxton,Bartz,6494c8b9e689be73b73cbefc,Bryant University,Football,https://bryantbulldogs.com/images/2025/7/29/Bartz-08492_-_Cropped.png?width=300,YES
Trevor,Bywater,6494c8abe689be73b73cbe7a,Allen University,Football,https://auyellowjackets.com/images/2025/8/22/32TrevorBywaterHeadshots.png.png?width=300,YES
Linsey,Burke,6494c910e689be73b73cc21e,,,,NOT FOUND
Dreshaun,Johnson,6494c8e1e689be73b73cc073,Grand Valley State University,Football,https://gvsulakers.com/images/2025/8/4/Johnson__Dreshaun.jpg?width=146,YES
Brody,Morrison,6494c943e689be73b73cc3f1,Tusculum University,Men's Volleyball,https://www.tusculumpioneers.com/images/setup/headshot_default.jpg?max_width=600&max_height=800,YES
Jacob,Mullis,6494c8fbe689be73b73cc15d,Loyola University New Orleans,Men's Cross Country,https://loyolawolfpack.com/images/2025/9/2/Jacob_Mullis_UShEm.jpg?width=300,YES
Jamilia,Duffus,6494c945e689be73b73cc407,University of Alaska Anchorage,Women's Gymnastics,https://goseawolves.com/images/2025/8/26/DuffusJamilia-UAAGYM26_copy.jpg?width=300,YES
Alejandro Diaz,Diaz,6494c8f5e689be73b73cc125,,,,NOT FOUND
Sean,Joy,665f532b176c523173892cc9,,,,NOT FOUND
Chisom,Onwuzurigbo,6494c8c7e689be73b73cbf83,,,,NOT FOUND
Marie,Smith,6494c8c0e689be73b73cbf40,Centenary College (Louisiana),Women's Soccer,https://www.gocentenary.com/sports/wsoc/2025-26/bios/2025_IMG_8986.jpg?max_width=510&max_height=600,YES
Kenny,Pierpoint,6494c95ae689be73b73cc4bd,University of Washington,Men's Soccer,,NO
Gavin,Thompson,6494c8b7e689be73b73cbee8,,,,NOT FOUND
Adam,Agyemang,6494c8f2e689be73b73cc110,Knox College,Football,https://prairiefire.knox.edu/images/2025/9/3/Agyemang_Adam_25_SD.jpg?width=300,YES
Noah,Fichter,6494c903e689be73b73cc1ad,Midway University,Men's Volleyball,https://gomidwayeagles.com/images/2025/1/28/Fichter_Noah_086-0055A--Edit.jpg?width=300,YES
Leo,Sanders,6494c8d7e689be73b73cc01a,,,,NOT FOUND
Jada,Pride,6494c8c1e689be73b73cbf4c,,,,NOT FOUND
